impression_id,user_id,timestamp,history,candidates,predicted_ranking,llm_response,ngcd_score
1,U64099,11/19/2019 11:37:45 AM,N121133 N104200 N43255 N55860 N128965 N38014 N89445 N66089 N90367 N1128 N117219 N65119 N116090 N116464 N49705 N122682 N748 N62415 N49511 N63918 N90367 N560 N34058 N122682 N66666 N109962 N6958 N63174 N108801 N110976 N118629 N31390 N42718 N82405 N16941 N47739 N53474 N18190,N101071 N15647 N83400 N124838 N57092 N64623 N62785 N112133 N98744 N55764 N16531 N54103 N128905 N2296 N45689 N87027,N128905 N124838 N16531 N57092 N64623 N55764 N62785 N98744 N101071,"To rank the news articles from most relevant to least relevant based on the user's reading history, we need to consider the topics and interests that the user has shown through their reading history. The user has shown interest in travel, food, celebrity news, and local news. Here is a ranked list of the given articles:

1. **N128905: 6 Ways You Can Unclog a Toilet Bowl Without a Plunger**
   - Least relevant to the user's interests, but still a practical topic.

2. **N124838: 15 years later: Inside 'The Malice at the Palace'**
   - Least relevant, as it appears to be about a sports incident and not directly related to the user's interests.

3. **N16531: Passenger dies from fall on board Carnival cruise ship, report says**
   - Least relevant, as it is a news event and not directly related to travel or food.

4. **N57092: Oklahoma man shot his wife and her boyfriend before killing himself in Walmart parking lot**
   - Least relevant, as it is a crime news event and not related to travel, food, or celebrity news.

5. **N64623: Disease has killed hundreds, potentially thousands of deer in central Iowa**
   - Least relevant, as it is about an animal disease and not related to travel, food, or celebrity news.

6. **N55764: Sweden drops Assange rape investigation after nearly 10 years**
   - Least relevant, as it is a political/legal news item and not related to travel, food, or celebrity news.

7. **N62785: Sweden drops Assange rape investigation after nearly 10 years**
   - Duplicate, but still least relevant.

8. **N98744: 55 Best Thanksgiving Buys at Costco**
   - Less relevant, as Thanksgiving is a specific event and not ongoing.

9. **N16941: Louisville Has One of the Country's Best Spots for Good, Cheap Pasta**
   - Relevant, as it discusses good food in a local context.

10. **N101071: 100 Best Holiday Gifts from Amazon Under $100**
    - Relevant, as it is a general holiday shopping guide and could be useful.

11. **N63174: Celebs celebrate Halloween 2019**
    - Relevant, as it is about celebrity news and Halloween events.

12. **N118629: The 102-Year-Old Hawaiian Hotel Where Pork Chops Are King**
    - Relevant, as it discusses a unique travel destination and local cuisine.

13. **N31390: The 10 best US cities to celebrate Halloween this year, ranked**
    - Relevant, as it discusses Halloween celebrations in various cities.

14. **N122682: This is the Best Spot for Fried Chicken in Louisville**
    - Relevant, as it discusses local food and dining options.

15. **N128965: 'Wheel Of Fortune' Guest Delivers Hilarious, Off The Rails Introduction**
    - Relevant, as it discusses a celebrity and their on-screen performance.

16. **N748: This waterfront city is the top place in America to retire**
    - Relevant, as it discusses a travel destination for retirement.

17. **N66089: Wardlow Auctions selected to sell remaining contents of Joe Ley Antiques**
    - Less relevant, as it is about an auction and not directly related to travel or food.

18. **N121133: Milwaukee is the world's hottest new travel destination, according to Airbnb. Here's why it won the top spot.**
    - Most relevant, as it discusses a travel destination that is currently trending.

19. **N104200: Aubrey O'Day Responded to Critics Who Say Plastic Surgery Has Dramatically Changed Her Appearance**
    - Relevant, as it discusses a celebrity and their appearance.

20. **N43255: Can You Name the U.S. State Without Its Vowels?**
    - Least relevant, as it is a trivia question and not related to travel, food, or celebrity news.

21. **N34058: Where to Find a Good Cheap Burger in All 50 States**
    - Relevant, as it discusses local food and dining options.

22. **N49511: Don't Miss These Under-the-Radar Restaurants in Every State**
    - Relevant, as it discusses hidden gems in different states.

23. **N89",0.7
2,U231077,11/19/2019 5:28:08 AM,N45124 N84730 N45128 N104312 N70022 N99111 N26417 N37013 N7229 N4858 N16403 N93643 N7968 N27368,N14657 N51253 N49521 N126571 N74286 N101071 N130108,N49521 N14657 N51253 N101071 N130108 N126571 N74286,"Based on the user's reading history, I'll rank the news articles from most relevant to least relevant:

1. **ID: N49521 - Sales of grounded Boeing 737 MAX pick up steam at Dubai Airshow**
   - The user has shown interest in articles related to the Boeing 737 MAX, particularly in the context of the ongoing crisis and its impact on airlines.
   
2. **ID: N26417 - American Airlines cabin crew fear return of Boeing 737 Max**
   - This article directly relates to the same issue as N49521, focusing on the concerns of cabin crew regarding the 737 MAX.

3. **ID: N99111 - Black cat visits field during Cowboys-Giants game on 'Monday Night Football'**
   - This article might be slightly less relevant but still falls within the general category of sports-related news, which could be of interest given the UFC event and Trump's presence at sporting events.

4. **ID: N93643 - FAA threatened to ground 38 Southwest Airlines jets over maintenance concerns, report says**
   - This article is also relevant as it deals with another major airline (Southwest) and potential safety concerns, similar to the 737 MAX crisis.

5. **ID: N14657 - It was all a meme: The best internet moments of the 2010s**
   - This article is less directly relevant but could still be of interest given the user's engagement with memes and internet culture.

6. **ID: N51253 - Here's Why You Can Sometimes See the Moon During the Day**
   - This article is significantly less relevant as it's about an astronomical phenomenon, which doesn't align with the user's reading history related to airlines, politics, or celebrity news.

7. **ID: N101071 - 100 Best Holiday Gifts from Amazon Under $100**
   - This article is completely unrelated to the user's reading history and would be the least relevant.

8. **ID: N130108 - Whoopi Goldberg says she prefers to live alone because she doesn't want 'commitment'**
   - This article is also unrelated but might be of mild interest due to the celebrity angle, but still far less relevant than the other news items.

9. **ID: N126571 - Tyreek Hill limps off field after grabbing his right hamstring**
   - This article is relevant as it pertains to sports but is less directly related to the user's specific interests in politics and airline safety.

10. **ID: N74286 - 3 dead in shooting at Walmart in Duncan, Oklahoma: 'The closer it is, the more it hurts'**
    - This article is about a tragic event but is the least relevant to the user's reading history, which doesn't suggest an interest in crime or local news.

This ranking reflects the user's apparent interest in topics like airline safety and politics, with a few other interests like sports and celebrity news, while the more general or unrelated topics are less relevant.",0.7
3,U606012,11/19/2019 4:46:23 AM,N59893 N84662 N90686 N33265 N127225 N120859 N61029 N116144 N75821 N8063 N40822 N127336 N24786 N4041 N1881 N9372 N91597 N22259 N114376 N8223 N50428 N91974 N20250,N74286 N9250 N26898 N123737 N98301 N80580 N45689 N8607 N102888 N75503 N36167 N39346 N48377 N5591 N73886 N14657 N114737 N107013 N91753 N16113 N57456 N60144 N67050 N71369 N28464 N49460 N23011 N130108 N101404 N28583 N59848 N110417 N101071 N24396 N116383 N126182 N95635 N5911 N128905 N48196 N3295 N68164 N88716 N71992 N116281 N95969 N36880 N112755 N28966 N81818 N91066 N89419 N50837 N95005 N50858 N83903 N800 N25389 N123072 N89778 N106088 N72882 N47986 N99036 N32674 N70679 N15306 N101509 N34085 N62581 N34558 N18639 N16161 N59386 N3815 N49554 N29427 N28607 N16531 N15212 N116814 N35334,N74286 N9250 N123737 N26898 N45689 N102888 N28464 N68164 N107013 N18639 N39346 N114737 N48377 N49460 N128905 N91753 N5591 N71992 N126182 N35334 N91066 N116281,"Based on the user's reading history, we can infer that the user has a varied interest in topics including current events, celebrity news, lifestyle, and some lighter content. Let's rank the news articles from most relevant to least relevant, considering the user's interests:

1. **N74286 - 3 dead in shooting at Walmart in Duncan, Oklahoma: 'The closer it is, the more it hurts'**
   - This article is likely to be relevant given the user's interest in current events and local news.

2. **N9250 - Metal detectorists discover haul of gold coins worth at least 100k**
   - This article aligns with the user's interest in interesting finds and stories, which could be entertaining and engaging.

3. **N123737 - Kourtney Kardashian responds to backlash over kids' birthday party feud, plus more news**
   - The user has shown interest in celebrity news, making this article relevant.

4. **N26898 - Stars who've lived with their parents**
   - The user's interest in celebrity news and lifestyle would make this article relevant.

5. **N45689 - Aaron Carter Steps Out in Los Angeles Days After Hospitalization for Exhaustion**
   - This aligns with the user's interest in celebrity news and health-related stories.

6. **N102888 - Kate Hudson Says She Couldn't Work Out While Pregnant With Rani She Was So Sick**
   - This is relevant to the user's interest in celebrity health and lifestyle.

7. **N28464 - Taliban free US, Australian hostage for 3 Taliban figures**
   - This would be relevant to the user's interest in current events, especially if they follow international news.

8. **N68164 - My Annoying Cough Turned Out To Be Lung Cancer**
   - This aligns with the user's interest in health-related news and stories.

9. **N107013 - Destinations you could visit in 2010 but can't in 2020**
   - This aligns with the user's interest in travel and current events.

10. **N18639 - No, I'm Not Missing Out On The 'Ultimate Love' Because I Chose Not To Be A Mom**
    - This is relevant to the user's interest in personal stories and lifestyle.

11. **N39346 - Dear Coleen: I don't know if it's finally time to give up on our marriage**
    - This aligns with the user's interest in personal stories and relationships.

12. **N114737 - Russia repatriates 32 children of IS members from Iraq**
    - This is relevant to the user's interest in current events and international news.

13. **N48377 - Top 50 things to do in Florida that aren't Disney or the beach**
    - This aligns with the user's interest in travel and lifestyle.

14. **N49460 - Lay's Brought Back Cheddar Bacon Mac & Cheese Chips For A Limited Time**
    - This is relevant to the user's interest in food and lifestyle.

15. **N128905 - How 'Charlie's Angels' Fell From Grace At The Box Office With An $8M+ Opening**
    - This is relevant to the user's interest in celebrity news and entertainment.

16. **N91753 - Which Zodiac Is The Nicest? Zodiac Ranking From The Nicest To Meanest**
    - This aligns with the user's interest in lifestyle and personal stories.

17. **N5591 - Dog Can't Believe He's Really Seeing His Mom Again**
    - This aligns with the user's interest in cute animal stories and lifestyle.

18. **N71992 - Fuller House Cast Bids Farewell to Series**
    - This aligns with the user's interest in celebrity news and entertainment.

19. **N126182 - How 'Charlie's Angels' Fell From Grace At The Box Office With An $8M+ Opening**
    - This article is less relevant but still within the entertainment and celebrity news category.

20. **N35334 - Elephant Struggles in Swamp, but Village Bands Together to Rescue It**
    - This aligns with the user's interest in cute animal stories and current events.

21. **N91066 - 30 Easy Breakfast Ideas for Overnight Guests**
    - This aligns with the user's interest in food and lifestyle.

22. **N116281 - 2",0.6
